text,ppl,zlib_len,ppl/zlib
"Question:Design a TypeScript function snippet to Transform Extreme Clothing cleanliness: Stain Removal Techniques for Decision Making for Beginners. Implement if/else or switch/case statements to handle different conditions related to the Transparency. Provide detailed comments explaining your control flow and the reasoning behind each decision.

Solution:Here is a possible implementation of this",1.4678257703781128,264,0.005559946099917094
"Question:Write a Python code snippet to Determine Extreme Toilet hygiene: Keeping Toilet Area Clean for Engineer for Professionals. Consider the Responsibility and implement appropriate if/else or switch/case statements to handle different conditions. Dry-run, then provide comments explaining your decision-making process and how the control flow is structured.

Solution:Here’s",1.4925930500030518,265,0.005632426603785101
"Question:Design a TypeScript function snippet to Calculate Extreme Bathing routine: Choosing the Right Water Temperature for Engineer for Professionals. Implement if/else or switch/case statements to handle different conditions related to the Ethics. Provide detailed comments explaining your control flow and the reasoning behind each decision.

Solution:Here is a possible implementation of",1.4624046087265015,258,0.00566823491754458
"Question:Write a Python code snippet to Calculate Low Regular health check-ups: Following Doctor's Recommendations for Analysis for Professionals. Consider the Transparency and implement appropriate if/else or switch/case statements to handle different conditions. Dry-run, then provide comments explaining your decision-making process and how the control flow is structured.

Solution:",1.4934691190719604,263,0.005678589806357264
"Question:Design a Python function snippet to Determine Low Hand hygiene outside the home: Cleaning Hands Before Eating for Engineer for Beginners. Implement if/else or switch/case statements to handle different conditions related to the Transparency. Provide detailed comments explaining your control flow and the reasoning behind each decision.

Solution:Here is a possible implementation",1.4538227319717407,256,0.005678995046764612
"Question:Write a JavaScript code snippet to Display High Clothing cleanliness: Proper Storage of Clothes for Decision Making for Beginners. Consider the Transparency and implement appropriate if/else or switch/case statements to handle different conditions. Dry-run, then provide comments explaining your decision-making process and how the control flow is structured.

Solution:Here",1.4716392755508423,259,0.005682004924906727
"Question:Design a TypeScript function snippet to Transform High Clothing cleanliness: Proper Storage of Clothes for Decision Making for Experts. Implement if/else or switch/case statements to handle different conditions related to the Transparency. Provide detailed comments explaining your control flow and the reasoning behind each decision.

Solution:Here is a possible implementation of this",1.4698569774627686,258,0.005697120067685149
"Question:Design a Python function snippet to Transform Extreme Clothing cleanliness: Laundry Basics for Analysis for Beginners. Implement if/else or switch/case statements to handle different conditions related to the Transparency. Provide detailed comments explaining your control flow and the reasoning behind each decision.

Solution:Here is a possible implementation of this functionality in python",1.4996931552886963,263,0.005702255343303027
"Question:Design a Python function snippet to Determine Extreme Regular health check-ups: Monitoring Health Indicators for Engineer for Beginners. Implement if/else or switch/case statements to handle different conditions related to the Safety. Provide detailed comments explaining your control flow and the reasoning behind each decision.

Solution:Here is a possible implementation of",1.4602717161178589,256,0.005704186391085386
"Question:Write a TypeScript code snippet to Transform Extreme Regular health check-ups: Monitoring Health Indicators for Decision Making for Professionals. Consider the Safety and implement appropriate if/else or switch/case statements to handle different conditions. Dry-run, then provide comments explaining your decision-making process and how the control flow is structured.

Solution",1.4949818849563599,262,0.005706037728841068
"Question:Design a Python function snippet to Transform Low Handling personal items: Sanitizing Frequently Touched Items for Decision Making for Beginners. Implement if/else or switch/case statements to handle different conditions related to the Responsibility. Provide detailed comments explaining your control flow and the reasoning behind each decision.

Solution:Here is a",1.4500280618667603,254,0.00570877189711323
"Question:Write a TypeScript code snippet to Determine Low Personal Organization: Reminder Notifications for Analysis for Professionals. Consider the Responsibility and implement appropriate if/else or switch/case statements to handle different conditions. Dry-run, then provide comments explaining your decision-making process and how the control flow is structured.

Solution:Here is a possible",1.5140138864517212,265,0.005713259948874419
"Question:Write a Python code snippet to Transform High Regular health check-ups: Scheduling Routine Medical Exams for Analysis for Professionals. Consider the Transparency and implement appropriate if/else or switch/case statements to handle different conditions. Dry-run, then provide comments explaining your decision-making process and how the control flow is structured.

",1.4740781784057617,258,0.005713481311650239
"Question:Design a Python function snippet to Check Low Clothing cleanliness: Stain Removal Techniques for Analysis for Beginners. Implement if/else or switch/case statements to handle different conditions related to the Transparency. Provide detailed comments explaining your control flow and the reasoning behind each decision.

Solution:Here is a possible implementation of such a",1.471172571182251,257,0.005724406891759732
"Question:Write a Python code snippet to Display High Toilet hygiene: Handwashing After Using the Toilet for Engineer for Professionals. Consider the Reliability and implement appropriate if/else or switch/case statements to handle different conditions. Dry-run, then provide comments explaining your decision-making process and how the control flow is structured.

Solution",1.4488015174865723,253,0.005726488211409376
"Question:Design a TypeScript function snippet to Update Extreme Weather: Temperature for Engineer for Professionals. Implement if/else or switch/case statements to handle different conditions related to the Reliability. Provide detailed comments explaining your control flow and the reasoning behind each decision.

Solution:Here is a possible implementation of this functionality written in TypeScript",1.4892053604125977,260,0.005727712924663837
"Question:Design a JavaScript function snippet to Check Extreme Security: Data Encryption for Decision Making for Beginners. Implement if/else or switch/case statements to handle different conditions related to the Responsibility. Provide detailed comments explaining your control flow and the reasoning behind each decision.

Solution:Here is a possible implementation of such a function written",1.472862720489502,257,0.005730983348208179
"Question:Write a Python code snippet to Display High Regular health check-ups: Following Doctor's Recommendations for Analysis for Beginners. Consider the Reliability and implement appropriate if/else or switch/case statements to handle different conditions. Dry-run, then provide comments explaining your decision-making process and how the control flow is structured.

Solution",1.484953761100769,259,0.0057334122050222746
"Question:Write a Python code snippet to Transform High Handling personal items: Cleaning Accessories for Decision Making for Experts. Consider the Reliability and implement appropriate if/else or switch/case statements to handle different conditions. Dry-run, then provide comments explaining your decision-making process and how the control flow is structured.

Solution:Here",1.462471842765808,255,0.005735183697120816
"Question:Design a TypeScript function snippet to Calculate Low Handwashing technique: Using Soap and Water for Engineer for Professionals. Implement if/else or switch/case statements to handle different conditions related to the Reliability. Provide detailed comments explaining your control flow and the reasoning behind each decision.

Solution:Here is a possible implementation of",1.4627655744552612,255,0.005736335586099064
"Question:Write a JavaScript code snippet to Determine Extreme Personal Organization: Calendar Scheduling for Engineer for Beginners. Consider the Transparency and implement appropriate if/else or switch/case statements to handle different conditions. Dry-run, then provide comments explaining your decision-making process and how the control flow is structured.

Solution:Here’s some",1.5374562740325928,268,0.00573677714191266
"Question:Design a TypeScript function snippet to Transform Low Handling personal items: Cleaning Accessories for Analysis for Experts. Implement if/else or switch/case statements to handle different conditions related to the Transparency. Provide detailed comments explaining your control flow and the reasoning behind each decision.

Solution:Here is a possible implementation of this functionality written",1.51453697681427,264,0.005736882487932841
"Question:Design a JavaScript function snippet to Check Extreme Eye hygiene: Proper Contact Lens Handling for Decision Making for Professionals. Implement if/else or switch/case statements to handle different conditions related to the Safety. Provide detailed comments explaining your control flow and the reasoning behind each decision.

Solution:Here is a possible implementation of such",1.462967872619629,255,0.005737128912233839
"Question:Design a Python function snippet to Display Extreme Clothing cleanliness: Cleaning Special Fabrics for Analysis for Beginners. Implement if/else or switch/case statements to handle different conditions related to the Safety. Provide detailed comments explaining your control flow and the reasoning behind each decision.

Solution:Here is a possible implementation of this functionality",1.4689629077911377,256,0.005738136358559132
"Question:Write a JavaScript code snippet to Display High Finance: Investment Management for Decision Making for Professionals. Consider the Responsibility and implement appropriate if/else or switch/case statements to handle different conditions. Dry-run, then provide comments explaining your decision-making process and how the control flow is structured.

Solution:Here is some sample",1.480974555015564,258,0.005740211453548697
"Question:Design a Python function snippet to Update High Handwashing technique: Using Hand Sanitizer for Decision Making for Beginners. Implement if/else or switch/case statements to handle different conditions related to the Responsibility. Provide detailed comments explaining your control flow and the reasoning behind each decision.

Solution:Here is a possible implementation of",1.4580549001693726,254,0.005740373622714065
"Question:Design a TypeScript function snippet to Update Low Travel: Trip Planning for Analysis for Beginners. Implement if/else or switch/case statements to handle different conditions related to the Responsibility. Provide detailed comments explaining your control flow and the reasoning behind each decision.

Solution:Here is a possible implementation of this functionality written in TypeScript",1.492499589920044,260,0.0057403830381540155
"Question:Design a Python function snippet to Check High Personal Organization: Calendar Scheduling for Analysis for Professionals. Implement if/else or switch/case statements to handle different conditions related to the Transparency. Provide detailed comments explaining your control flow and the reasoning behind each decision.

Solution:Here is a possible implementation of such a function",1.4753167629241943,257,0.005740532151456009
"Question:Write a Julia code snippet to Transform High Clothing cleanliness: Stain Removal Techniques for Decision Making for Beginners. Consider the Responsibility and implement appropriate if/else or switch/case statements to handle different conditions. Dry-run, then provide comments explaining your decision-making process and how the control flow is structured.

Solution:Here",1.4868773221969604,259,0.005740839081841546
"Question:Design a Python function snippet to Check Extreme Oral health habits: Avoiding Tobacco for Decision Making for Experts. Implement if/else or switch/case statements to handle different conditions related to the Transparency. Provide detailed comments explaining your control flow and the reasoning behind each decision.

Solution:Here is a possible implementation of this",1.4639893770217896,255,0.005741134811850155
"Question:Design a TypeScript function snippet to Calculate High Regular health check-ups: Monitoring Health Indicators for Analysis for Experts. Implement if/else or switch/case statements to handle different conditions related to the Transparency. Provide detailed comments explaining your control flow and the reasoning behind each decision.

Solution:Here is a possible implementation of",1.4927260875701904,260,0.005741254182962271
"Question:Design a Python function snippet to Check Extreme Eye hygiene: Protecting Eyes from Injury for Decision Making for Beginners. Implement if/else or switch/case statements to handle different conditions related to the Responsibility. Provide detailed comments explaining your control flow and the reasoning behind each decision.

Solution:Here is a possible implementation of",1.4526753425598145,253,0.005741799772963694
"Question:Write a Python code snippet to Calculate Low Toilet hygiene: Keeping Toilet Area Clean for Analysis for Professionals. Consider the Responsibility and implement appropriate if/else or switch/case statements to handle different conditions. Dry-run, then provide comments explaining your decision-making process and how the control flow is structured.

Solution:Here’s",1.5100996494293213,263,0.005741823762088674
"Question:Design a Java function snippet to Update Extreme Clothing cleanliness: Proper Storage of Clothes for Decision Making for Professionals. Implement if/else or switch/case statements to handle different conditions related to the Transparency. Provide detailed comments explaining your control flow and the reasoning behind each decision.

Solution:Here is a possible implementation of this",1.4879692792892456,259,0.00574505513239091
"Question:Design a TypeScript function snippet to Calculate Extreme Online Shopping: Pricing for Decision Making for Professionals. Implement if/else or switch/case statements to handle different conditions related to the Responsibility. Provide detailed comments explaining your control flow and the reasoning behind each decision.

Solution:Here is a possible implementation of this functionality written in",1.5170589685440063,264,0.005746435486909115
"Question:Write a TypeScript code snippet to Check Extreme Hand hygiene outside the home: Cleaning Hands Before Eating for Engineer for Professionals. Consider the Ethics and implement appropriate if/else or switch/case statements to handle different conditions. Dry-run, then provide comments explaining your decision-making process and how the control flow is structured.

Solution",1.4658167362213135,255,0.005748300926358092
"Question:Design a TypeScript function snippet to Calculate Low Dental hygiene: Brushing Teeth for Engineer for Professionals. Implement if/else or switch/case statements to handle different conditions related to the Reliability. Provide detailed comments explaining your control flow and the reasoning behind each decision.

Solution:Here is a possible implementation of this functionality",1.4720269441604614,256,0.0057501052506268024
"Question:Design a TypeScript function snippet to Calculate Low Finance: Investment Management for Decision Making for Beginners. Implement if/else or switch/case statements to handle different conditions related to the Responsibility. Provide detailed comments explaining your control flow and the reasoning behind each decision.

Solution:Here is a possible implementation of such a function written",1.495144009590149,260,0.0057505538830390345
"Question:Write a TypeScript code snippet to Transform Extreme Clothing cleanliness: Cleaning Special Fabrics for Decision Making for Experts. Consider the Privacy and implement appropriate if/else or switch/case statements to handle different conditions. Dry-run, then provide comments explaining your decision-making process and how the control flow is structured.

Solution:Here",1.4782142639160156,257,0.005751806474381384
"Question:Write a TypeScript code snippet to Check Low Clothing cleanliness: Stain Removal Techniques for Analysis for Beginners. Consider the Reliability and implement appropriate if/else or switch/case statements to handle different conditions. Dry-run, then provide comments explaining your decision-making process and how the control flow is structured.

Solution:Here",1.4732787609100342,256,0.005754995159804821
"Question:Design a Python function snippet to Update Low Dental hygiene: Cleaning Tongue for Decision Making for Beginners. Implement if/else or switch/case statements to handle different conditions related to the Responsibility. Provide detailed comments explaining your control flow and the reasoning behind each decision.

Solution:Here is a possible implementation of this functionality",1.467792272567749,255,0.0057560481277166625
"Question:Design a JavaScript function snippet to Check Low Toilet hygiene: Handwashing After Using the Toilet for Engineer for Beginners. Implement if/else or switch/case statements to handle different conditions related to the Responsibility. Provide detailed comments explaining your control flow and the reasoning behind each decision.

Solution:Here is a possible implementation of",1.4743235111236572,256,0.005759076215326786
"Question:Design a TypeScript function snippet to Transform Extreme Social Media: User Engagement for Engineer for Beginners. Implement if/else or switch/case statements to handle different conditions related to the Responsibility. Provide detailed comments explaining your control flow and the reasoning behind each decision.

Solution:Here is a possible implementation of this functionality written in",1.499066710472107,260,0.005765641194123488
"Question:Write a Python code snippet to Transform High Hygiene during illness: Personal Hygiene for Better Recovery for Engineer for Professionals. Consider the Responsibility and implement appropriate if/else or switch/case statements to handle different conditions. Dry-run, then provide comments explaining your decision-making process and how the control flow is structured.

",1.4646190404891968,254,0.005766216694839357
"Question:Design a TypeScript function snippet to Determine Extreme Weather: Wind Speed for Decision Making for Beginners. Implement if/else or switch/case statements to handle different conditions related to the Responsibility. Provide detailed comments explaining your control flow and the reasoning behind each decision.

Solution:Here is a possible implementation of this functionality written in",1.5055701732635498,261,0.0057684680967952096
"Question:Design a TypeScript function snippet to Check High Regular health check-ups: Keeping Track of Health Records for Decision Making for Experts. Implement if/else or switch/case statements to handle different conditions related to the Responsibility. Provide detailed comments explaining your control flow and the reasoning behind each decision.

Solution:Here is a possible",1.4767895936965942,256,0.005768709350377321
"Question:Write a Python code snippet to Calculate Low Regular health check-ups: Monitoring Health Indicators for Analysis for Beginners. Consider the Transparency and implement appropriate if/else or switch/case statements to handle different conditions. Dry-run, then provide comments explaining your decision-making process and how the control flow is structured.

Solution:",1.4831974506378174,257,0.0057711963059837255
"Question:Design a TypeScript function snippet to Transform High Clothing cleanliness: Proper Storage of Clothes for Decision Making for Experts. Implement if/else or switch/case statements to handle different conditions related to the Ethics. Provide detailed comments explaining your control flow and the reasoning behind each decision.

Solution:Here is a possible implementation of this",1.4775059223175049,256,0.0057715075090527534
"Question:Design a TypeScript function snippet to Transform Low Food hygiene: Preventing Cross-Contamination for Analysis for Experts. Implement if/else or switch/case statements to handle different conditions related to the Responsibility. Provide detailed comments explaining your control flow and the reasoning behind each decision.

Solution:Here is a possible implementation of",1.4775060415267944,256,0.005771507974714041
"Question:Design a Python function snippet to Transform Extreme Clothing cleanliness: Cleaning Special Fabrics for Engineer for Beginners. Implement if/else or switch/case statements to handle different conditions related to the Responsibility. Provide detailed comments explaining your control flow and the reasoning behind each decision.

Solution:Here is a python function which takes as",1.460503339767456,253,0.005772740473389154
"Question:Write a Go code snippet to Check Extreme Clothing cleanliness: Stain Removal Techniques for Engineer for Professionals. Consider the Responsibility and implement appropriate if/else or switch/case statements to handle different conditions. Dry-run, then provide comments explaining your decision-making process and how the control flow is structured.

Solution:Here’s",1.5183663368225098,263,0.0057732560335456646
"Question:Design a JavaScript function snippet to Update High Oral health habits: Protecting Teeth from Injury for Decision Making for Experts. Implement if/else or switch/case statements to handle different conditions related to the Responsibility. Provide detailed comments explaining your control flow and the reasoning behind each decision.

Solution:Here is a possible implementation",1.4898232221603394,258,0.0057745086130245715
"Question:Design a TypeScript function snippet to Update Low Transportation: Traffic Congestion for Decision Making for Experts. Implement if/else or switch/case statements to handle different conditions related to the Privacy. Provide detailed comments explaining your control flow and the reasoning behind each decision.

Solution:Here is a possible implementation of this functionality written",1.4841296672821045,257,0.0057748236081015735
"Question:Write a Python code snippet to Check High Hand hygiene outside the home: Avoiding Touching Face for Analysis for Professionals. Consider the Responsibility and implement appropriate if/else or switch/case statements to handle different conditions. Dry-run, then provide comments explaining your decision-making process and how the control flow is structured.

",1.4498558044433594,251,0.00577631794598948
"Question:Write a Python code snippet to Calculate Extreme Foot care: Managing Foot Problems for Decision Making for Experts. Consider the Responsibility and implement appropriate if/else or switch/case statements to handle different conditions. Dry-run, then provide comments explaining your decision-making process and how the control flow is structured.

Solution:Here’s",1.4906107187271118,258,0.005777560925298883
"Question:Design a Python function snippet to Display Extreme Transportation: Public Transit Schedules for Analysis for Beginners. Implement if/else or switch/case statements to handle different conditions related to the Transparency. Provide detailed comments explaining your control flow and the reasoning behind each decision.

Solution:Here is a possible implementation of this functionality in",1.4733893871307373,255,0.005777997596591126
"Question:Design a TypeScript function snippet to Display Extreme Finance: Stock Market Analysis for Analysis for Beginners. Implement if/else or switch/case statements to handle different conditions related to the Responsibility. Provide detailed comments explaining your control flow and the reasoning behind each decision.

Solution:Here is a possible implementation of this functionality written in",1.502615213394165,260,0.00577928928228525
"Question:Design a JavaScript function snippet to Check High Regular health check-ups: Scheduling Routine Medical Exams for Engineer for Beginners. Implement if/else or switch/case statements to handle different conditions related to the Safety. Provide detailed comments explaining your control flow and the reasoning behind each decision.

Solution:Here is a possible",1.4622997045516968,253,0.005779840729453347
"Question:Write a TypeScript code snippet to Display Extreme Toilet hygiene: Handwashing After Using the Toilet for Decision Making for Beginners. Consider the Responsibility and implement appropriate if/else or switch/case statements to handle different conditions. Dry-run, then provide comments explaining your decision-making process and how the control flow is structured.

Solution",1.4854809045791626,257,0.005780081340774952
"Question:Design a Python function snippet to Check Low Education: Academic Planning for Engineer for Professionals. Implement if/else or switch/case statements to handle different conditions related to the Transparency. Provide detailed comments explaining your control flow and the reasoning behind each decision.

Solution:Here is a possible implementation of such a function written in",1.46268630027771,253,0.005781368775801225
"Question:Design a JavaScript function snippet to Transform Low Toilet hygiene: Proper Toilet Cleaning for Engineer for Professionals. Implement if/else or switch/case statements to handle different conditions related to the Responsibility. Provide detailed comments explaining your control flow and the reasoning behind each decision.

Solution:Here is a possible implementation of this functionality in",1.4976999759674072,259,0.005782625389835549
"Question:Write a Python code snippet to Calculate High Oral health habits: Avoiding Tobacco for Decision Making for Beginners. Consider the Responsibility and implement appropriate if/else or switch/case statements to handle different conditions. Dry-run, then provide comments explaining your decision-making process and how the control flow is structured.

Solution:Here",1.4690015316009521,254,0.005783470596854142
"Question:Design a TypeScript function snippet to Check Extreme Personal Organization: Habit Formation for Engineer for Experts. Implement if/else or switch/case statements to handle different conditions related to the Responsibility. Provide detailed comments explaining your control flow and the reasoning behind each decision.

Solution:Here is a possible implementation of this functionality written in",1.521185040473938,263,0.005783973537923719
"Question:Write a Python code snippet to Calculate High Eye hygiene: Washing Hands Before Touching Eyes for Decision Making for Professionals. Consider the Reliability and implement appropriate if/else or switch/case statements to handle different conditions. Dry-run, then provide comments explaining your decision-making process and how the control flow is structured.

",1.451833963394165,251,0.005784199057347271
"Question:Write a Python code snippet to Calculate Low Clothing cleanliness: Stain Removal Techniques for Decision Making for Professionals. Consider the Bias and implement appropriate if/else or switch/case statements to handle different conditions. Dry-run, then provide comments explaining your decision-making process and how the control flow is structured.

Solution:Here",1.4750760793685913,255,0.00578461207595526
"Question:Design a TypeScript function snippet to Transform Extreme Clothing cleanliness: Laundry Basics for Engineer for Beginners. Implement if/else or switch/case statements to handle different conditions related to the Trust. Provide detailed comments explaining your control flow and the reasoning behind each decision.

Solution:Here is a possible implementation of this functionality written in",1.5098284482955933,261,0.005784783326803039
"Question:Design a Python function snippet to Display Extreme Clothing cleanliness: Laundry Basics for Decision Making for Experts. Implement if/else or switch/case statements to handle different conditions related to the Bias. Provide detailed comments explaining your control flow and the reasoning behind each decision.

Solution:Here is a possible implementation of this functionality in",1.4809755086898804,256,0.005785060580819845
"Question:Design a Python function snippet to Determine Extreme Toilet hygiene: Keeping Toilet Area Clean for Analysis for Professionals. Implement if/else or switch/case statements to handle different conditions related to the Responsibility. Provide detailed comments explaining your control flow and the reasoning behind each decision.

Solution:Here is a python function which determines extreme",1.4695390462875366,254,0.005785586796407624
"Question:Design a JavaScript function snippet to Update Low Food hygiene: Cleaning Fruits and Vegetables for Decision Making for Beginners. Implement if/else or switch/case statements to handle different conditions related to the Privacy. Provide detailed comments explaining your control flow and the reasoning behind each decision.

Solution:Here is a possible implementation",1.4753395318984985,255,0.0057856452231313665
"Question:Write a Python code snippet to Determine Low Online Shopping: Discounts for Engineer for Professionals. Consider the Transparency and implement appropriate if/else or switch/case statements to handle different conditions. Dry-run, then provide comments explaining your decision-making process and how the control flow is structured.

Solution:Here's some sample python",1.4875714778900146,257,0.005788215867276321
"Question:Design a Python function snippet to Update Extreme Toilet hygiene: Avoiding Contamination for Decision Making for Professionals. Implement if/else or switch/case statements to handle different conditions related to the Responsibility. Provide detailed comments explaining your control flow and the reasoning behind each decision.

Solution:Here is a possible implementation of this",1.4818224906921387,256,0.005788369104266167
"Question:Design a TypeScript function snippet to Update Extreme Personal Organization: Calendar Scheduling for Engineer for Professionals. Implement if/else or switch/case statements to handle different conditions related to the Safety. Provide detailed comments explaining your control flow and the reasoning behind each decision.

Solution:Here is a possible implementation of this functionality in",1.5168722867965698,262,0.005789588880902938
"Question:Design a Julia function snippet to Determine High Regular health check-ups: Following Doctor's Recommendations for Analysis for Beginners. Implement if/else or switch/case statements to handle different conditions related to the Trust. Provide detailed comments explaining your control flow and the reasoning behind each decision.

Solution:Here is a possible implementation of",1.4937388896942139,258,0.005789685618969821
"Question:Write a Python code snippet to Calculate Low Handling personal items: Sanitizing Frequently Touched Items for Engineer for Professionals. Consider the Ethics and implement appropriate if/else or switch/case statements to handle different conditions. Dry-run, then provide comments explaining your decision-making process and how the control flow is structured.

",1.4650778770446777,253,0.005790821648397936
"Question:Write a TypeScript code snippet to Determine Extreme Personal Organization: Task Management for Analysis for Beginners. Consider the Transparency and implement appropriate if/else or switch/case statements to handle different conditions. Dry-run, then provide comments explaining your decision-making process and how the control flow is structured.

Solution:Here is a possible",1.5172749757766724,262,0.005791125861743024
"Question:Write a TypeScript code snippet to Check Low Clothing cleanliness: Stain Removal Techniques for Decision Making for Experts. Consider the Safety and implement appropriate if/else or switch/case statements to handle different conditions. Dry-run, then provide comments explaining your decision-making process and how the control flow is structured.

Solution:Here",1.4771159887313843,255,0.005792611720515232
"Question:Design a TypeScript function snippet to Check Extreme Security: Identity Verification for Analysis for Professionals. Implement if/else or switch/case statements to handle different conditions related to the Trust. Provide detailed comments explaining your control flow and the reasoning behind each decision.

Solution:Here is a possible implementation of such a function written in",1.4830143451690674,256,0.0057930247858166695
"Question:Design a Python function snippet to Display High Clothing cleanliness: Laundry Basics for Analysis for Beginners. Implement if/else or switch/case statements to handle different conditions related to the Ethics. Provide detailed comments explaining your control flow and the reasoning behind each decision.

Solution:Here is a possible implementation of this functionality in python",1.4778798818588257,255,0.0057956073798385325
"Question:Design a TypeScript function snippet to Display High Toilet hygiene: Keeping Toilet Area Clean for Decision Making for Beginners. Implement if/else or switch/case statements to handle different conditions related to the Responsibility. Provide detailed comments explaining your control flow and the reasoning behind each decision.

Solution:Here is a possible implementation of this",1.48955500125885,257,0.005795933857038327
"Question:Write a Python code snippet to Determine High Toilet hygiene: Handwashing After Using the Toilet for Engineer for Professionals. Consider the Responsibility and implement appropriate if/else or switch/case statements to handle different conditions. Dry-run, then provide comments explaining your decision-making process and how the control flow is structured.

Solution:",1.4665334224700928,253,0.005796574792371908
"Question:Design a TypeScript function snippet to Transform Extreme Hair care: Shampooing Techniques for Decision Making for Beginners. Implement if/else or switch/case statements to handle different conditions related to the Privacy. Provide detailed comments explaining your control flow and the reasoning behind each decision.

Solution:Here is a possible implementation of this",1.4666956663131714,253,0.005797216072384077
"Question:Write a Python code snippet to Calculate Low Regular health check-ups: Following Doctor's Recommendations for Engineer for Professionals. Consider the Safety and implement appropriate if/else or switch/case statements to handle different conditions. Dry-run, then provide comments explaining your decision-making process and how the control flow is structured.

Solution:",1.4959983825683594,258,0.005798443343288215
"Question:Write a Python code snippet to Check Extreme Personal Organization: Reminder Notifications for Engineer for Professionals. Consider the Responsibility and implement appropriate if/else or switch/case statements to handle different conditions. Dry-run, then provide comments explaining your decision-making process and how the control flow is structured.

Solution:Here’s a python",1.536784052848816,265,0.005799185105089872
"Question:Design a JavaScript function snippet to Display Extreme Handwashing technique: Using Soap and Water for Decision Making for Beginners. Implement if/else or switch/case statements to handle different conditions related to the Bias. Provide detailed comments explaining your control flow and the reasoning behind each decision.

Solution:Here is a possible implementation of",1.4787979125976562,255,0.005799207500382966
"Question:Write a Ruby code snippet to Transform High Regular health check-ups: Following Doctor's Recommendations for Engineer for Professionals. Consider the Responsibility and implement appropriate if/else or switch/case statements to handle different conditions. Dry-run, then provide comments explaining your decision-making process and how the control flow is structured.

Solution:",1.5256882905960083,263,0.005801096161962008
"Question:Write a Python code snippet to Transform High Regular health check-ups: Keeping Track of Health Records for Engineer for Professionals. Consider the Consent and implement appropriate if/else or switch/case statements to handle different conditions. Dry-run, then provide comments explaining your decision-making process and how the control flow is structured.

Solution",1.4684178829193115,253,0.0058040232526455
"Question:Write a Python code snippet to Calculate Low Personal Organization: Task Management for Decision Making for Professionals. Consider the Ethics and implement appropriate if/else or switch/case statements to handle different conditions. Dry-run, then provide comments explaining your decision-making process and how the control flow is structured.

Solution:Here’s a",1.5091595649719238,260,0.00580445986527663
"Question:Write a Python code snippet to Determine Extreme Oral health habits: Protecting Teeth from Injury for Decision Making for Experts. Consider the Transparency and implement appropriate if/else or switch/case statements to handle different conditions. Dry-run, then provide comments explaining your decision-making process and how the control flow is structured.

Solution",1.4860552549362183,256,0.005804903339594603
"Question:Design a Python function snippet to Display Extreme Clothing cleanliness: Proper Storage of Clothes for Decision Making for Professionals. Implement if/else or switch/case statements to handle different conditions related to the Responsibility. Provide detailed comments explaining your control flow and the reasoning behind each decision.

Solution:Here is a python function which takes",1.4860782623291016,256,0.005804993212223053
"Question:Write a Python code snippet to Calculate Low Handling personal items: Keeping Personal Items Clean for Engineer for Beginners. Consider the Privacy and implement appropriate if/else or switch/case statements to handle different conditions. Dry-run, then provide comments explaining your decision-making process and how the control flow is structured.

Solution:Here",1.4686932563781738,253,0.005805111685289225
"Question:Design a Python function snippet to Update Extreme Social Media: Content Recommendation for Analysis for Experts. Implement if/else or switch/case statements to handle different conditions related to the Reliability. Provide detailed comments explaining your control flow and the reasoning behind each decision.

Solution:Here is python code which implements update extreme social",1.4861667156219482,256,0.005805338732898235
"Question:Write a Python code snippet to Calculate Extreme Toilet hygiene: Keeping Toilet Area Clean for Analysis for Beginners. Consider the Safety and implement appropriate if/else or switch/case statements to handle different conditions. Dry-run, then provide comments explaining your decision-making process and how the control flow is structured.

Solution:Here’s",1.4920601844787598,257,0.005805681651668326
"Question:Design a JavaScript function snippet to Display Extreme Hair care: Shampooing Techniques for Engineer for Experts. Implement if/else or switch/case statements to handle different conditions related to the Transparency. Provide detailed comments explaining your control flow and the reasoning behind each decision.

Solution:Here is a possible implementation of this functionality",1.480550765991211,255,0.005806081435259651
"Question:Design a Ruby function snippet to Calculate High Regular health check-ups: Following Doctor's Recommendations for Analysis for Beginners. Implement if/else or switch/case statements to handle different conditions related to the Consent. Provide detailed comments explaining your control flow and the reasoning behind each decision.

Solution:Here is a possible implementation of",1.4925031661987305,257,0.005807405315948367
"Question:Design a Python function snippet to Calculate Extreme Regular health check-ups: Keeping Track of Health Records for Decision Making for Professionals. Implement if/else or switch/case statements to handle different conditions related to the Consent. Provide detailed comments explaining your control flow and the reasoning behind each decision.

Solution:Here is python code",1.4751646518707275,254,0.005807734849884754
"Question:Design a C++ function snippet to Display High Regular health check-ups: Following Doctor's Recommendations for Engineer for Experts. Implement if/else or switch/case statements to handle different conditions related to the Privacy. Provide detailed comments explaining your control flow and the reasoning behind each decision.

Solution:Here is a possible implementation",1.4813158512115479,255,0.005809081769457051
"Question:Design a Python function snippet to Calculate High Hand hygiene outside the home: Cleaning Hands Before Eating for Engineer for Beginners. Implement if/else or switch/case statements to handle different conditions related to the Transparency. Provide detailed comments explaining your control flow and the reasoning behind each decision.

Solution:Here is a python function",1.4523189067840576,250,0.00580927562713623
"Question:Write a TypeScript code snippet to Check Low Handwashing technique: Using Hand Sanitizer for Engineer for Professionals. Consider the Reliability and implement appropriate if/else or switch/case statements to handle different conditions. Dry-run, then provide comments explaining your decision-making process and how the control flow is structured.

Solution:",1.4698580503463745,253,0.00580971561401729
"Question:Design a Python function snippet to Calculate Extreme Regular health check-ups: Keeping Track of Health Records for Engineer for Beginners. Implement if/else or switch/case statements to handle different conditions related to the Trust. Provide detailed comments explaining your control flow and the reasoning behind each decision.

Solution:Here is python code which",1.4758356809616089,254,0.005810376696699248
"Question:Design a JavaScript function snippet to Check Low Oral health habits: Healthy Diet for Teeth for Decision Making for Experts. Implement if/else or switch/case statements to handle different conditions related to the Transparency. Provide detailed comments explaining your control flow and the reasoning behind each decision.

Solution:Here is a possible implementation of",1.4700384140014648,253,0.005810428513839782
